<hackpackage>
  <name>Spell Check Fix</name>
  <identifier>spellCheckFix</identifier>
  <description>Fixes the span tag spellcheck issue.</description>
  <developerName>Cliff Weinstein</developerName>
  <developerInstitution>MCPHS University</developerInstitution>
  <developerURL>https://github.com/C-Weinstein</developerURL>
  <developerEmail>cweinstein.tech@gmail.com</developerEmail>
  <hook>jsp.topFrame.start</hook>
  <restrictions>
    <restriction>
      <type>URL</type>
      <value>.*webapps/scor-scormengine-BBLEARN/b2ui/popuplauncher.jsp</value>
      <inverse>true</inverse>
    </restriction>
  </restrictions>
  <resources/>
</hackpackage>